Model with RUS,Accuracy,F1 Score (target=1),F1 Score (target=0),G-Mean
Logistic Regression,0.83,0.734375,0.875,0.8374464845111373
SVC,0.835,0.7441860465116279,0.8782287822878229,0.8463085988657486
Ridge Classifier,0.835,0.7441860465116279,0.8782287822878229,0.8463085988657486
Linear Discriminant Analysis,0.835,0.7441860465116279,0.8782287822878229,0.8463085988657486
